--
-- PostgreSQL database dump
--

-- Dumped from database version 12.0
-- Dumped by pg_dump version 12.0

-- Started on 2020-01-02 01:48:00 SAST

SET statement_timeout = 0;
SET lock_timeout = 0;
SET idle_in_transaction_session_timeout = 0;
SET client_encoding = 'UTF8';
SET standard_conforming_strings = on;
SELECT pg_catalog.set_config('search_path', '', false);
SET check_function_bodies = false;
SET xmloption = content;
SET client_min_messages = warning;
SET row_security = off;

SET default_tablespace = '';

SET default_table_access_method = heap;

--
-- TOC entry 208 (class 1259 OID 16955)
-- Name: AspNetRoleClaims; Type: TABLE; Schema: public; Owner: employee
--

CREATE TABLE public."AspNetRoleClaims" (
    "Id" integer NOT NULL,
    "RoleId" text NOT NULL,
    "ClaimType" text,
    "ClaimValue" text
);


ALTER TABLE public."AspNetRoleClaims" OWNER TO employee;

--
-- TOC entry 207 (class 1259 OID 16953)
-- Name: AspNetRoleClaims_Id_seq; Type: SEQUENCE; Schema: public; Owner: employee
--

ALTER TABLE public."AspNetRoleClaims" ALTER COLUMN "Id" ADD GENERATED BY DEFAULT AS IDENTITY (
    SEQUENCE NAME public."AspNetRoleClaims_Id_seq"
    START WITH 1
    INCREMENT BY 1
    NO MINVALUE
    NO MAXVALUE
    CACHE 1
);


--
-- TOC entry 203 (class 1259 OID 16927)
-- Name: AspNetRoles; Type: TABLE; Schema: public; Owner: employee
--

CREATE TABLE public."AspNetRoles" (
    "Id" text NOT NULL,
    "Name" character varying(256),
    "NormalizedName" character varying(256),
    "ConcurrencyStamp" text
);


ALTER TABLE public."AspNetRoles" OWNER TO employee;

--
-- TOC entry 210 (class 1259 OID 16970)
-- Name: AspNetUserClaims; Type: TABLE; Schema: public; Owner: employee
--

CREATE TABLE public."AspNetUserClaims" (
    "Id" integer NOT NULL,
    "UserId" text NOT NULL,
    "ClaimType" text,
    "ClaimValue" text
);


ALTER TABLE public."AspNetUserClaims" OWNER TO employee;

--
-- TOC entry 209 (class 1259 OID 16968)
-- Name: AspNetUserClaims_Id_seq; Type: SEQUENCE; Schema: public; Owner: employee
--

ALTER TABLE public."AspNetUserClaims" ALTER COLUMN "Id" ADD GENERATED BY DEFAULT AS IDENTITY (
    SEQUENCE NAME public."AspNetUserClaims_Id_seq"
    START WITH 1
    INCREMENT BY 1
    NO MINVALUE
    NO MAXVALUE
    CACHE 1
);


--
-- TOC entry 211 (class 1259 OID 16983)
-- Name: AspNetUserLogins; Type: TABLE; Schema: public; Owner: employee
--

CREATE TABLE public."AspNetUserLogins" (
    "LoginProvider" text NOT NULL,
    "ProviderKey" text NOT NULL,
    "ProviderDisplayName" text,
    "UserId" text NOT NULL
);


ALTER TABLE public."AspNetUserLogins" OWNER TO employee;

--
-- TOC entry 212 (class 1259 OID 16996)
-- Name: AspNetUserRoles; Type: TABLE; Schema: public; Owner: employee
--

CREATE TABLE public."AspNetUserRoles" (
    "UserId" text NOT NULL,
    "RoleId" text NOT NULL
);


ALTER TABLE public."AspNetUserRoles" OWNER TO employee;

--
-- TOC entry 213 (class 1259 OID 17014)
-- Name: AspNetUserTokens; Type: TABLE; Schema: public; Owner: employee
--

CREATE TABLE public."AspNetUserTokens" (
    "UserId" text NOT NULL,
    "LoginProvider" text NOT NULL,
    "Name" text NOT NULL,
    "Value" text
);


ALTER TABLE public."AspNetUserTokens" OWNER TO employee;

--
-- TOC entry 204 (class 1259 OID 16935)
-- Name: AspNetUsers; Type: TABLE; Schema: public; Owner: employee
--

CREATE TABLE public."AspNetUsers" (
    "Id" text NOT NULL,
    "UserName" character varying(256),
    "NormalizedUserName" character varying(256),
    "Email" character varying(256),
    "NormalizedEmail" character varying(256),
    "EmailConfirmed" boolean NOT NULL,
    "PasswordHash" text,
    "SecurityStamp" text,
    "ConcurrencyStamp" text,
    "PhoneNumber" text,
    "PhoneNumberConfirmed" boolean NOT NULL,
    "TwoFactorEnabled" boolean NOT NULL,
    "LockoutEnd" timestamp with time zone,
    "LockoutEnabled" boolean NOT NULL,
    "AccessFailedCount" integer NOT NULL,
    "Staff_Number" text,
    "Admin_Generated" boolean NOT NULL,
    "Employee_Id" integer NOT NULL,
    "TransactionDate" timestamp without time zone NOT NULL
);


ALTER TABLE public."AspNetUsers" OWNER TO employee;

--
-- TOC entry 206 (class 1259 OID 16945)
-- Name: Employees; Type: TABLE; Schema: public; Owner: employee
--

CREATE TABLE public."Employees" (
    "Id" integer NOT NULL,
    "IdentityUserId" text,
    "Staff_Number" character varying(50) NOT NULL,
    "Directorate_Id" integer NOT NULL,
    "Department_Id" integer NOT NULL,
    "Rank" integer NOT NULL,
    "RankStep" integer NOT NULL,
    "PhotoPath" text,
    "First_Name" text,
    "Last_Name" text,
    "Email" text,
    "DOB" timestamp without time zone NOT NULL,
    "Gender" integer NOT NULL,
    "Address_Street" text,
    "Address_City" text,
    "Address_State" text,
    "Address_PostCode" text,
    "Country" integer NOT NULL,
    "Employee_Status" boolean NOT NULL,
    "TransactionDate" timestamp without time zone NOT NULL
);


ALTER TABLE public."Employees" OWNER TO employee;

--
-- TOC entry 205 (class 1259 OID 16943)
-- Name: Employees_Id_seq; Type: SEQUENCE; Schema: public; Owner: employee
--

ALTER TABLE public."Employees" ALTER COLUMN "Id" ADD GENERATED BY DEFAULT AS IDENTITY (
    SEQUENCE NAME public."Employees_Id_seq"
    START WITH 1
    INCREMENT BY 1
    NO MINVALUE
    NO MAXVALUE
    CACHE 1
);


--
-- TOC entry 202 (class 1259 OID 16922)
-- Name: __EFMigrationsHistory; Type: TABLE; Schema: public; Owner: employee
--

CREATE TABLE public."__EFMigrationsHistory" (
    "MigrationId" character varying(150) NOT NULL,
    "ProductVersion" character varying(32) NOT NULL
);


ALTER TABLE public."__EFMigrationsHistory" OWNER TO employee;

--
-- TOC entry 3213 (class 0 OID 16955)
-- Dependencies: 208
-- Data for Name: AspNetRoleClaims; Type: TABLE DATA; Schema: public; Owner: employee
--

COPY public."AspNetRoleClaims" ("Id", "RoleId", "ClaimType", "ClaimValue") FROM stdin;
\.


--
-- TOC entry 3208 (class 0 OID 16927)
-- Dependencies: 203
-- Data for Name: AspNetRoles; Type: TABLE DATA; Schema: public; Owner: employee
--

COPY public."AspNetRoles" ("Id", "Name", "NormalizedName", "ConcurrencyStamp") FROM stdin;
2bb3acf8-5a50-4b4d-a22b-3cd5b3a430ed	Admin	ADMIN	5716610f-cc75-4fa5-aa67-17d15a69481f
4c88c7e5-32b2-4f6b-bb38-2a1072c14aae	Nepad Staff	NEPAD STAFF	e64b128b-e1ca-4558-b086-541c50cd80cc
78296c56-8402-46dd-b58e-cd8c78faf93c	Programme Lead	PROGRAMME LEAD	800669cb-7ac4-4c03-a38f-790d18b4464d
5ab4daee-253f-42d1-a94a-4a9f359186be	Unit Lead	UNIT LEAD	00779600-976c-4a73-bd1e-38f157e7d630
719dfc16-cdc7-4378-aed5-1ee3dadbe09f	Division Head	DIVISION HEAD	d05a9255-5f76-4452-9f33-6c31aa922450
fc76fbde-2e74-40a2-9054-cc152778fef8	Director	DIRECTOR	fa839222-b233-4924-94fd-5decf3028143
7802b02d-3a05-4863-81c7-3954306c20e9	CEO	CEO	110959c4-a773-4331-9dbb-30e97de7bee1
\.


--
-- TOC entry 3215 (class 0 OID 16970)
-- Dependencies: 210
-- Data for Name: AspNetUserClaims; Type: TABLE DATA; Schema: public; Owner: employee
--

COPY public."AspNetUserClaims" ("Id", "UserId", "ClaimType", "ClaimValue") FROM stdin;
\.


--
-- TOC entry 3216 (class 0 OID 16983)
-- Dependencies: 211
-- Data for Name: AspNetUserLogins; Type: TABLE DATA; Schema: public; Owner: employee
--

COPY public."AspNetUserLogins" ("LoginProvider", "ProviderKey", "ProviderDisplayName", "UserId") FROM stdin;
\.


--
-- TOC entry 3217 (class 0 OID 16996)
-- Dependencies: 212
-- Data for Name: AspNetUserRoles; Type: TABLE DATA; Schema: public; Owner: employee
--

COPY public."AspNetUserRoles" ("UserId", "RoleId") FROM stdin;
e1ea3dd3-b12b-4ad3-986b-559612ef7818	2bb3acf8-5a50-4b4d-a22b-3cd5b3a430ed
456e0e1f-e6b0-40d4-bca4-e58405c84cf4	719dfc16-cdc7-4378-aed5-1ee3dadbe09f
e1ea3dd3-b12b-4ad3-986b-559612ef7818	719dfc16-cdc7-4378-aed5-1ee3dadbe09f
8cb59a1d-85f1-49f4-b11c-35e3f8a8dec7	78296c56-8402-46dd-b58e-cd8c78faf93c
ba0a2ad8-b885-4af3-ac43-3930844541da	78296c56-8402-46dd-b58e-cd8c78faf93c
e526e15d-47dd-46a4-93ea-c718a31ebc37	78296c56-8402-46dd-b58e-cd8c78faf93c
d1075c1c-cb7c-480d-93c8-6931090d1f3d	78296c56-8402-46dd-b58e-cd8c78faf93c
c115746d-921d-4c70-8853-c7123089c0e0	7802b02d-3a05-4863-81c7-3954306c20e9
f5534c60-e2d2-4559-9447-be4214537f6c	fc76fbde-2e74-40a2-9054-cc152778fef8
0f919f24-2586-46d8-85bb-56068bbde066	719dfc16-cdc7-4378-aed5-1ee3dadbe09f
426f9586-3ac6-42f3-863f-a19f3e068d05	5ab4daee-253f-42d1-a94a-4a9f359186be
2c82c275-b340-45f3-86f5-4c819d4e9814	4c88c7e5-32b2-4f6b-bb38-2a1072c14aae
b05d8a80-47fc-4eb0-8494-d20db97f1765	4c88c7e5-32b2-4f6b-bb38-2a1072c14aae
ce777098-0692-4248-bb28-554acba8d021	4c88c7e5-32b2-4f6b-bb38-2a1072c14aae
42e61067-8906-415a-b53a-6e7718a7c724	4c88c7e5-32b2-4f6b-bb38-2a1072c14aae
\.


--
-- TOC entry 3218 (class 0 OID 17014)
-- Dependencies: 213
-- Data for Name: AspNetUserTokens; Type: TABLE DATA; Schema: public; Owner: employee
--

COPY public."AspNetUserTokens" ("UserId", "LoginProvider", "Name", "Value") FROM stdin;
\.


--
-- TOC entry 3209 (class 0 OID 16935)
-- Dependencies: 204
-- Data for Name: AspNetUsers; Type: TABLE DATA; Schema: public; Owner: employee
--

COPY public."AspNetUsers" ("Id", "UserName", "NormalizedUserName", "Email", "NormalizedEmail", "EmailConfirmed", "PasswordHash", "SecurityStamp", "ConcurrencyStamp", "PhoneNumber", "PhoneNumberConfirmed", "TwoFactorEnabled", "LockoutEnd", "LockoutEnabled", "AccessFailedCount", "Staff_Number", "Admin_Generated", "Employee_Id", "TransactionDate") FROM stdin;
456e0e1f-e6b0-40d4-bca4-e58405c84cf4	mohamedab@nepad.org	MOHAMEDAB@NEPAD.ORG	mohamedab@nepad.org	MOHAMEDAB@NEPAD.ORG	f	AQAAAAEAACcQAAAAEMzLivcUsKBBhY1fBBFUSVncp30qlRMlBSc/Kk8kGPj+ALNz6IKRIqleJnTQ4dRvnw==	3QQV4ESASVH4MVFS7IN4SNXXC2BWGSAL	e9c5d621-be16-41b1-9bca-2107a2653dff	\N	f	f	\N	t	0	7001	f	132	2019-09-24 00:00:00
0f919f24-2586-46d8-85bb-56068bbde066	fatin@nepad.org	FATIN@NEPAD.ORG	fatin@nepad.org	FATIN@NEPAD.ORG	f	AQAAAAEAACcQAAAAEGn28i9qf+4m10u6o+0UO5B5+vP+cKD6lp7EEUZDinc1V6sluIpwx4Lb8/d0hE4VNw==	6RJTZTE4757IJNCT3EC5NAFM2YQUBBKQ	87d7cd86-733b-4460-9b5c-b64d58399747	\N	f	f	\N	t	0	3540	f	64	2019-09-24 00:00:00
42e61067-8906-415a-b53a-6e7718a7c724	florek@nepad.org	FLOREK@NEPAD.ORG	florek@nepad.org	FLOREK@NEPAD.ORG	f	AQAAAAEAACcQAAAAEC7WzY8vIxLDUmbL2bERlkRDUkp6togQZqihhJ0gqp3JLcuiXf/wjPSuhy1uxyjNdw==	XA6FTNFSVWXFAUQEE3M7AOESOLDMFQZK	041d4efb-22c3-44e8-b5cd-cdca96814454	\N	f	f	\N	t	0	1000	f	68	2019-09-24 00:00:00
d1075c1c-cb7c-480d-93c8-6931090d1f3d	margarets@nepad.org	MARGARETS@NEPAD.ORG	margarets@nepad.org	MARGARETS@NEPAD.ORG	f	AQAAAAEAACcQAAAAELnGEj9auTypNT0lBKHbSlgKrjusNVNafrEXADdss3vm/I/aSJvAnKJ3c69cnAMu9w==	ORXYZTJXBNE2KQEWMYW354MV7JLFIKQK	25400ac0-eb6b-4fa6-90c7-29d51d7e3599	\N	f	f	\N	t	0	1000	f	119	2019-09-24 00:00:00
426f9586-3ac6-42f3-863f-a19f3e068d05	tateks@nepad.org	TATEKS@NEPAD.ORG	tateks@nepad.org	TATEKS@NEPAD.ORG	f	AQAAAAEAACcQAAAAEEUYKf3iEmxg06CdvpX7lpj1si09bbd13NkhzBxlIpeqNnEtCRtyRSWuEka+hn/WDg==	2ADTABYTQ27TMZSF7HCCXVVLKQXQAEE6	94175677-3526-4c4a-9ae7-2fb74b0291fb	\N	f	f	\N	t	0	3571	f	187	2019-09-27 00:00:00
2c82c275-b340-45f3-86f5-4c819d4e9814	nancyn@nepad.org	NANCYN@NEPAD.ORG	nancyn@nepad.org	NANCYN@NEPAD.ORG	f	AQAAAAEAACcQAAAAEM7v8CtipI6sfUXasPLY5XingecOPxwf3TOqYzB9v/tiB+21VGQxR6D2sjVR3jPwYw==	PUHQXMYQMVZNZK7UH7JERMWYNGBDF2ZS	ff19485f-ef0f-4966-96c7-831bc63b8aeb	\N	f	f	\N	t	0	1000	f	138	2019-09-24 00:00:00
b05d8a80-47fc-4eb0-8494-d20db97f1765	chimwemwe.chamdimba@nepad.org	CHIMWEMWE.CHAMDIMBA@NEPAD.ORG	chimwemwe.chamdimba@nepad.org	CHIMWEMWE.CHAMDIMBA@NEPAD.ORG	f	AQAAAAEAACcQAAAAEHBUIXXHpU/dofitHapKr0OFq5nfEwo73RsbDHzzCspKkZrC+Vd54VkfAbEBWzSGXw==	V2NHQOBXND4BHTEMCZ475SQK4LPDC3H3	fdda39e6-f09b-4df7-8c88-e54a9e180666	\N	f	f	\N	t	0	1000	f	35	2019-09-24 00:00:00
932d7713-80a3-4b8d-8b71-56f24bfbad81	toussainten@nepad.org	TOUSSAINTEN@NEPAD.ORG	toussainten@nepad.org	TOUSSAINTEN@NEPAD.ORG	f	AQAAAAEAACcQAAAAEBMxGwKsU6fFOieXYEKRi0BNj7ckN0PaNSOJeQG/2Umrz5HDtmqIvck6jTPxKz2gdg==	L5H76CUORPY6UUC5OPMEISOGBWABNL5X	329fd039-9e3e-4912-acd8-507af4b97a01	\N	f	f	\N	t	0	1000	f	193	2019-09-24 00:00:00
8cb59a1d-85f1-49f4-b11c-35e3f8a8dec7	adamad@nepad.org	ADAMAD@NEPAD.ORG	adamad@nepad.org	ADAMAD@NEPAD.ORG	f	AQAAAAEAACcQAAAAEFa2FEtahSm/3Cjat36XBtW32EJZP/LhdkmpDyqmnqHrZf5VisoPmFjR6mICf93tOQ==	QXWCEPM2SRATEXUXONBBC4E2GS7EJIGX	9333b341-e9f9-4e95-9610-bfa290640c2d	\N	f	f	\N	t	0	1000	f	3	2019-09-24 00:00:00
ba0a2ad8-b885-4af3-ac43-3930844541da	towelan@nepad.org	TOWELAN@NEPAD.ORG	towelan@nepad.org	TOWELAN@NEPAD.ORG	f	AQAAAAEAACcQAAAAEFmZavOeywltPdJUac5CmT3dz9OQSJjwgTV8i7pecQqqMZWSJRkHNOhDf+a3jY8ycA==	DNY6DMYHKKFW4NOINN4BZ43E7OWGO4L7	2bd8086b-5a6e-44a1-8f94-0e10266f3792	\N	f	f	\N	t	0	1000	f	194	2019-09-24 00:00:00
c115746d-921d-4c70-8853-c7123089c0e0	ibrahimassanem@nepad.org	IBRAHIMASSANEM@NEPAD.ORG	ibrahimassanem@nepad.org	IBRAHIMASSANEM@NEPAD.ORG	f	AQAAAAEAACcQAAAAEE4tombzf2kIWyEdwUpQYWUcGNbmIepdrwjUJhWNUdoJLW/9U0pbinTGchRiuuWdYQ==	WFKJJIT243635YBIXWSHTIR5SUNDEMO4	01036d5c-698b-4a88-8e1b-e5d92ec55d73	\N	f	f	\N	t	0	3656	f	124	2019-09-24 00:00:00
ac81ecdd-64a2-488e-a516-40fd8e1a93c8	janetb@nepad.org	JANETB@NEPAD.ORG	janetb@nepad.org	JANETB@NEPAD.ORG	f	AQAAAAEAACcQAAAAELz35/LoQ63I4b0UkbwPNRxhK7iGOZw1FcIRLRKQKesoGgT6noIE6Z0vFHS5iDUx+w==	RAZ7VAGUTRVJFTUH3MG3MJABL67HPPYC	d139884f-8cd9-40a1-84d5-8621bf669345	\N	f	f	\N	t	0	1000	t	87	2019-09-25 00:00:00
e526e15d-47dd-46a4-93ea-c718a31ebc37	unamim@nepad.org	UNAMIM@NEPAD.ORG	unamim@nepad.org	UNAMIM@NEPAD.ORG	f	AQAAAAEAACcQAAAAEDx0JCBcYtk3swm+A4tQXz+KHa+f/zWLD5mnbB7dU9/IvgZ12Mvo5PXDN5cDAux+iA==	JRFTG22VBBRW6M4UHTT5QPEAONWNOKJH	1a02c7cd-ea90-4a99-8e1e-36118d8fd5c1	\N	f	f	\N	t	0	1000	f	195	2019-09-24 00:00:00
e1ea3dd3-b12b-4ad3-986b-559612ef7818	gideonn@nepad.org	GIDEONN@NEPAD.ORG	gideonn@nepad.org	GIDEONN@NEPAD.ORG	f	AQAAAAEAACcQAAAAEMebK3c8ClrR+L7D27+xNi8FDYSRDCStbWbm4KA5m5Yn+TCeBj+37XDREL/BgFXfkw==	GCVAYRLUGUUAL37LQ5V3SZ7AYH6VNJIA	bcb4ce6a-83d6-44df-b2e4-30962dd6befc	\N	f	f	\N	t	0	6025	f	73	2019-09-26 00:00:00
f5534c60-e2d2-4559-9447-be4214537f6c	amine.idriss@nepad.org	AMINE.IDRISS@NEPAD.ORG	amine.idriss@nepad.org	AMINE.IDRISS@NEPAD.ORG	f	AQAAAAEAACcQAAAAEONzXH0H5x/fQnmuJvmf6BsFz3svuR7qpmfEek0odTUBHueul4+wXZAGma5vfradnA==	MPTVCCYEWUJ4MPW4W4A53AJTAL64RR4Y	f447d569-8b7c-4027-a6c4-32f35bc29dde	\N	f	f	\N	t	0	7003	f	11	2019-09-24 00:00:00
ce777098-0692-4248-bb28-554acba8d021	sindisiwem@nepad.org	SINDISIWEM@NEPAD.ORG	sindisiwem@nepad.org	SINDISIWEM@NEPAD.ORG	f	AQAAAAEAACcQAAAAEAxeGwA0J15mFY9e/QypZ8uVIxTRPOmJrVbJEmvC770n5KhrgEhQQPH4DlQqHg8otg==	VKP3HZL5OHI6EYWGHQIRQBT7ZVHIIF2U	48101756-8f4b-4f9a-8273-a1851d9ec9ec	\N	f	f	\N	t	0	1000	f	179	2019-09-24 00:00:00
\.


--
-- TOC entry 3211 (class 0 OID 16945)
-- Dependencies: 206
-- Data for Name: Employees; Type: TABLE DATA; Schema: public; Owner: employee
--

COPY public."Employees" ("Id", "IdentityUserId", "Staff_Number", "Directorate_Id", "Department_Id", "Rank", "RankStep", "PhotoPath", "First_Name", "Last_Name", "Email", "DOB", "Gender", "Address_Street", "Address_City", "Address_State", "Address_PostCode", "Country", "Employee_Status", "TransactionDate") FROM stdin;
38	\N	1000	3	11	8	1	\N	Clement	Adjorlolo   		1900-01-01 00:00:00	1	\N	\N	\N	\N	190	t	2019-09-04 00:00:00
39	\N	1000	5	21	8	1	\N	Collen	Moyo   		1900-01-01 00:00:00	1	\N	\N	\N	\N	190	t	2019-09-04 00:00:00
40	\N	1000	5	26	8	1	\N	Collet	Sibanda   		1900-01-01 00:00:00	1	\N	\N	\N	\N	190	t	2019-09-04 00:00:00
41	\N	1000	5	20	8	1	\N	Cordelia	Kegoriloe   		1900-01-01 00:00:00	1	\N	\N	\N	\N	190	t	2019-09-04 00:00:00
42	\N	1000	5	23	8	1	\N	Corine	Motouom   		1900-01-01 00:00:00	1	\N	\N	\N	\N	190	t	2019-09-04 00:00:00
43	\N	1000	5	22	8	1	\N	Dorah	Mwaiseghe   		1900-01-01 00:00:00	1	\N	\N	\N	\N	190	t	2019-09-04 00:00:00
44	\N	1000	5	26	8	1	\N	Dorcas	Bapela   		1900-01-01 00:00:00	1	\N	\N	\N	\N	190	t	2019-09-04 00:00:00
45	\N	1000	5	21	8	1	\N	Duduzile	Mkumla   		1900-01-01 00:00:00	1	\N	\N	\N	\N	190	t	2019-09-04 00:00:00
46	\N	1000	3	11	8	1	\N	Edith	Maboumba   		1900-01-01 00:00:00	1	\N	\N	\N	\N	190	t	2019-09-04 00:00:00
47	\N	1000	3	11	8	1	\N	Edna	Kalima   		1900-01-01 00:00:00	1	\N	\N	\N	\N	190	t	2019-09-04 00:00:00
48	\N	1000	3	12	8	1	\N	Eliane	Charlotte Ngnasoke Koko 		1900-01-01 00:00:00	1	\N	\N	\N	\N	190	t	2019-09-04 00:00:00
49	\N	1000	5	21	8	1	\N	Ellen	Huruva   		1900-01-01 00:00:00	1	\N	\N	\N	\N	190	t	2019-09-04 00:00:00
50	\N	1000	5	21	8	1	\N	Elspeth	Coetzer   		1900-01-01 00:00:00	1	\N	\N	\N	\N	190	t	2019-09-04 00:00:00
51	\N	1000	3	7	8	1	\N	Emmanuel	Kamdem   		1900-01-01 00:00:00	1	\N	\N	\N	\N	190	t	2019-09-04 00:00:00
1	\N	1000	3	14	8	1	\N	Abdou	Rahman Mboob  		1900-01-01 00:00:00	1	\N	\N	\N	\N	190	t	2019-09-04 00:00:00
2	\N	1000	4	16	8	1	\N	Abiola	D. Ajayi  		1900-01-01 00:00:00	1	\N	\N	\N	\N	190	t	2019-09-04 00:00:00
4	\N	1000	5	26	8	1	\N	Adama	Kone   		1900-01-01 00:00:00	1	\N	\N	\N	\N	190	t	2019-09-04 00:00:00
5	\N	1000	4	19	8	1	\N	Agnes	Amakie Gidimadzor  		1900-01-01 00:00:00	1	\N	\N	\N	\N	190	t	2019-09-04 00:00:00
6	\N	1000	2	9	8	1	\N	Ague	Charlotte   		1900-01-01 00:00:00	1	\N	\N	\N	\N	190	t	2019-09-04 00:00:00
7	\N	1000	5	26	8	1	\N	Ahmed	Bakheit   		1900-01-01 00:00:00	1	\N	\N	\N	\N	190	t	2019-09-04 00:00:00
8	\N	1000	4	19	8	1	\N	Amadou	Diallo   		1900-01-01 00:00:00	1	\N	\N	\N	\N	190	t	2019-09-04 00:00:00
9	\N	1000	3	11	8	1	\N	Amb.	Haladou Salha  		1900-01-01 00:00:00	1	\N	\N	\N	\N	190	t	2019-09-04 00:00:00
12	\N	1000	5	26	8	1	\N	Andile	Edmos Khanye  		1900-01-01 00:00:00	1	\N	\N	\N	\N	190	t	2019-09-04 00:00:00
13	\N	1000	4	16	8	1	\N	Andriette	Ferreira   		1900-01-01 00:00:00	1	\N	\N	\N	\N	190	t	2019-09-04 00:00:00
14	\N	1000	2	7	8	1	\N	Andson	Nsune   		1900-01-01 00:00:00	1	\N	\N	\N	\N	190	t	2019-09-04 00:00:00
15	\N	1000	3	12	8	1	\N	Arshfod	Njenga Ngugi  		1900-01-01 00:00:00	1	\N	\N	\N	\N	190	t	2019-09-04 00:00:00
16	\N	1000	5	23	8	1	\N	Aseye	Ahoto   		1900-01-01 00:00:00	1	\N	\N	\N	\N	190	t	2019-09-04 00:00:00
17	\N	1000	1	1	8	1	\N	Assia	Meghfour   		1900-01-01 00:00:00	1	\N	\N	\N	\N	190	t	2019-09-04 00:00:00
18	\N	1000	3	11	8	1	\N	Augustin	H Wambo Yamdjeu 		1900-01-01 00:00:00	1	\N	\N	\N	\N	190	t	2019-09-04 00:00:00
19	\N	1000	3	13	8	1	\N	Axel	Rusenga   		1900-01-01 00:00:00	1	\N	\N	\N	\N	190	t	2019-09-04 00:00:00
21	\N	1000	4	16	8	1	\N	Barbara	Glover   		1900-01-01 00:00:00	1	\N	\N	\N	\N	190	t	2019-09-04 00:00:00
22	\N	1000	5	23	8	1	\N	Batho	Meshack Maruping  		1900-01-01 00:00:00	1	\N	\N	\N	\N	190	t	2019-09-04 00:00:00
23	\N	1000	3	12	8	1	\N	Ben	Kenjiro   		1900-01-01 00:00:00	1	\N	\N	\N	\N	190	t	2019-09-04 00:00:00
24	\N	1000	4	19	8	1	\N	Benita	Mukania Nsabua  		1900-01-01 00:00:00	1	\N	\N	\N	\N	190	t	2019-09-04 00:00:00
25	\N	1000	3	11	8	1	\N	Benjamin	Akobundu   		1900-01-01 00:00:00	1	\N	\N	\N	\N	190	t	2019-09-04 00:00:00
26	\N	1000	3	11	8	1	\N	Bernice	Lynne Mclean  		1900-01-01 00:00:00	1	\N	\N	\N	\N	190	t	2019-09-04 00:00:00
27	\N	1000	3	11	8	1	\N	Betty	Amunga   		1900-01-01 00:00:00	1	\N	\N	\N	\N	190	t	2019-09-04 00:00:00
28	\N	1000	2	9	8	1	\N	Bob	Kalanzi   		1900-01-01 00:00:00	1	\N	\N	\N	\N	190	t	2019-09-04 00:00:00
29	\N	1000	3	12	8	1	\N	Boitshepo	Bibi Giyose  		1900-01-01 00:00:00	1	\N	\N	\N	\N	190	t	2019-09-04 00:00:00
30	\N	1000	4	16	8	1	\N	Boitumelo	Mabusela   		1900-01-01 00:00:00	1	\N	\N	\N	\N	190	t	2019-09-04 00:00:00
31	\N	1000	3	12	8	1	\N	Buhle	Hlatswayo   		1900-01-01 00:00:00	1	\N	\N	\N	\N	190	t	2019-09-04 00:00:00
32	\N	1000	3	12	8	1	\N	Caroline	Mutepfa   		1900-01-01 00:00:00	1	\N	\N	\N	\N	190	t	2019-09-04 00:00:00
33	\N	1000	5	24	8	1	\N	Cecillia	Tshinnane Lethole  		1900-01-01 00:00:00	1	\N	\N	\N	\N	190	t	2019-09-04 00:00:00
34	\N	1000	3	11	8	1	\N	Cheikh	Tidjane N'dongo  		1900-01-01 00:00:00	1	\N	\N	\N	\N	190	t	2019-09-04 00:00:00
36	\N	1000	3	13	8	1	\N	Chipiliro	Saka   		1900-01-01 00:00:00	1	\N	\N	\N	\N	190	t	2019-09-04 00:00:00
37	\N	1000	4	19	8	1	\N	Chola	Mfula   		1900-01-01 00:00:00	1	\N	\N	\N	\N	190	t	2019-09-04 00:00:00
52	\N	1000	5	22	8	1	\N	Eric	Fenu   		1900-01-01 00:00:00	1	\N	\N	\N	\N	190	t	2019-09-04 00:00:00
53	\N	1000	3	12	8	1	\N	Eric	Sile   		1900-01-01 00:00:00	1	\N	\N	\N	\N	190	t	2019-09-04 00:00:00
54	\N	1000	6	27	8	1	\N	Ernestinna	Maame   		1900-01-01 00:00:00	1	\N	\N	\N	\N	190	t	2019-09-04 00:00:00
56	\N	1000	4	19	8	1	\N	Etami	Ndoping   		1900-01-01 00:00:00	1	\N	\N	\N	\N	190	t	2019-09-04 00:00:00
57	\N	1000	1	1	8	1	\N	Eugene	Owusu-Ansah   		1900-01-01 00:00:00	1	\N	\N	\N	\N	190	t	2019-09-04 00:00:00
58	\N	1000	1	5	8	1	\N	Eva	Fatima Micheline Moussa 		1900-01-01 00:00:00	1	\N	\N	\N	\N	190	t	2019-09-04 00:00:00
59	\N	1000	2	6	8	1	\N	Eva	Mashadi Rankoko  		1900-01-01 00:00:00	1	\N	\N	\N	\N	190	t	2019-09-04 00:00:00
60	\N	1000	6	27	8	1	\N	External	participant   		1900-01-01 00:00:00	1	\N	\N	\N	\N	190	t	2019-09-04 00:00:00
61	\N	1000	4	19	8	1	\N	Eyram	Amovin-Assagba   		1900-01-01 00:00:00	1	\N	\N	\N	\N	190	t	2019-09-04 00:00:00
62	\N	1000	5	21	8	1	\N	Fasil	Birega   		1900-01-01 00:00:00	1	\N	\N	\N	\N	190	t	2019-09-04 00:00:00
63	\N	1000	1	1	8	1	\N	Faten	Aggad   		1900-01-01 00:00:00	1	\N	\N	\N	\N	190	t	2019-09-04 00:00:00
65	\N	1000	1	1	8	1	\N	Fatou	Ceesay Jallow  		1900-01-01 00:00:00	1	\N	\N	\N	\N	190	t	2019-09-04 00:00:00
66	\N	1000	5	26	8	1	\N	Felistas	Lusungu Chirwa  		1900-01-01 00:00:00	1	\N	\N	\N	\N	190	t	2019-09-04 00:00:00
67	\N	1000	5	21	8	1	\N	FINANCE	STAFF TBD  		1900-01-01 00:00:00	1	\N	\N	\N	\N	190	t	2019-09-04 00:00:00
55	e1ea3dd3-b12b-4ad3-986b-559612ef7818	7004	2	6	8	1	\N	Estherine	Lisinge-Fotabong   	gideonn@nepad.org	1900-01-01 00:00:00	1	\N	\N	\N	\N	190	t	2019-09-04 00:00:00
35	b05d8a80-47fc-4eb0-8494-d20db97f1765	1000	3	9	8	1	\N	Chimwemwe	Chamdimba   	gideonn@nepad.org	1900-01-01 00:00:00	2	\N	\N	\N	\N	190	t	2019-09-04 00:00:00
10	\N	3550	6	1	8	1	\N	Ambali	Aggrey   	gideonn@nepad.org	1900-01-01 00:00:00	1	\N	\N	\N	\N	190	t	2019-09-04 00:00:00
70	\N	1000	3	11	8	1	\N	Frederick	Kwame Ababio  		1900-01-01 00:00:00	1	\N	\N	\N	\N	190	t	2019-09-04 00:00:00
71	\N	1000	3	12	8	1	\N	Fumito	Morinaga   		1900-01-01 00:00:00	1	\N	\N	\N	\N	190	t	2019-09-04 00:00:00
72	\N	1000	3	13	8	1	\N	George	Murumba   		1900-01-01 00:00:00	1	\N	\N	\N	\N	190	t	2019-09-04 00:00:00
74	\N	1000	1	1	8	1	\N	Gloria	Lufuno Manaka  		1900-01-01 00:00:00	1	\N	\N	\N	\N	190	t	2019-09-04 00:00:00
75	\N	1000	1	1	8	1	\N	Grace	Sauls   		1900-01-01 00:00:00	1	\N	\N	\N	\N	190	t	2019-09-04 00:00:00
76	\N	1000	3	12	8	1	\N	Halilou	Soulemanou Mohaman  		1900-01-01 00:00:00	1	\N	\N	\N	\N	190	t	2019-09-04 00:00:00
77	\N	1000	3	11	8	1	\N	Hamady	Diop   		1900-01-01 00:00:00	1	\N	\N	\N	\N	190	t	2019-09-04 00:00:00
78	\N	1000	3	7	8	1	\N	Hazvibvi	Daphine Muzawazi  		1900-01-01 00:00:00	1	\N	\N	\N	\N	190	t	2019-09-04 00:00:00
79	\N	1000	5	26	8	1	\N	Hiligale	Flaure Lekpeli  		1900-01-01 00:00:00	1	\N	\N	\N	\N	190	t	2019-09-04 00:00:00
80	\N	1000	5	21	8	1	\N	Hlengekile	Thembekwayo   		1900-01-01 00:00:00	1	\N	\N	\N	\N	190	t	2019-09-04 00:00:00
81	\N	1000	5	22	8	1	\N	Hlengiwe	Ginindza   		1900-01-01 00:00:00	1	\N	\N	\N	\N	190	t	2019-09-04 00:00:00
82	\N	1000	4	19	8	1	\N	Hudu	Mogtari   		1900-01-01 00:00:00	1	\N	\N	\N	\N	190	t	2019-09-04 00:00:00
83	\N	1000	4	19	8	1	\N	Ibrahim	Gourouza   		1900-01-01 00:00:00	1	\N	\N	\N	\N	190	t	2019-09-04 00:00:00
84	\N	1000	4	19	8	1	\N	Ibrahima	Diene   		1900-01-01 00:00:00	1	\N	\N	\N	\N	190	t	2019-09-04 00:00:00
85	\N	1000	3	12	8	1	\N	Irene	Okonkwo   		1900-01-01 00:00:00	1	\N	\N	\N	\N	190	t	2019-09-04 00:00:00
86	\N	1000	1	1	8	1	\N	Jacinta	Ndegwa   		1900-01-01 00:00:00	1	\N	\N	\N	\N	190	t	2019-09-04 00:00:00
88	\N	1000	5	24	8	1	\N	Jason	Liddell   		1900-01-01 00:00:00	1	\N	\N	\N	\N	190	t	2019-09-04 00:00:00
89	\N	1000	4	19	8	1	\N	Jean	Kebere   		1900-01-01 00:00:00	1	\N	\N	\N	\N	190	t	2019-09-04 00:00:00
90	\N	1000	6	1	8	1	\N	Jennifer	Susan Chiriga  		1900-01-01 00:00:00	1	\N	\N	\N	\N	190	t	2019-09-04 00:00:00
91	\N	1000	4	19	8	1	\N	Jeremy	Tinga Ouedraogo  		1900-01-01 00:00:00	1	\N	\N	\N	\N	190	t	2019-09-04 00:00:00
92	\N	1000	6	27	8	1	\N	Jessica	Lobe   		1900-01-01 00:00:00	1	\N	\N	\N	\N	190	t	2019-09-04 00:00:00
93	\N	1000	6	27	8	1	\N	Jessica	Randy Annor  		1900-01-01 00:00:00	1	\N	\N	\N	\N	190	t	2019-09-04 00:00:00
94	\N	1000	4	19	8	1	\N	Jessie	Mvula   		1900-01-01 00:00:00	1	\N	\N	\N	\N	190	t	2019-09-04 00:00:00
95	\N	1000	1	1	8	1	\N	Josiane	Kantiono   		1900-01-01 00:00:00	1	\N	\N	\N	\N	190	t	2019-09-04 00:00:00
96	\N	1000	3	12	8	1	\N	Justina	Dugbazah   		1900-01-01 00:00:00	1	\N	\N	\N	\N	190	t	2019-09-04 00:00:00
97	\N	1000	5	26	8	1	\N	Kamay	Andre Makusudi  		1900-01-01 00:00:00	1	\N	\N	\N	\N	190	t	2019-09-04 00:00:00
98	\N	1000	4	19	8	1	\N	Kebba	Colley   		1900-01-01 00:00:00	1	\N	\N	\N	\N	190	t	2019-09-04 00:00:00
99	\N	1000	3	12	8	1	\N	Kefilwe	Moalosi   		1900-01-01 00:00:00	1	\N	\N	\N	\N	190	t	2019-09-04 00:00:00
100	\N	1000	6	27	8	1	\N	Kevin	Shukuru Kahatano  		1900-01-01 00:00:00	1	\N	\N	\N	\N	190	t	2019-09-04 00:00:00
101	\N	1000	3	13	8	1	\N	Kisa	Nkhoma   		1900-01-01 00:00:00	1	\N	\N	\N	\N	190	t	2019-09-04 00:00:00
102	\N	1000	1	2	8	1	\N	Kitemano	Mbilinyi   		1900-01-01 00:00:00	1	\N	\N	\N	\N	190	t	2019-09-04 00:00:00
104	\N	1000	5	25	8	1	\N	Ladji	Sidibe   		1900-01-01 00:00:00	1	\N	\N	\N	\N	190	t	2019-09-04 00:00:00
105	\N	1000	4	19	8	1	\N	Lassina	Drame   		1900-01-01 00:00:00	1	\N	\N	\N	\N	190	t	2019-09-04 00:00:00
107	\N	1000	4	19	8	1	\N	Leah	Kasera   		1900-01-01 00:00:00	1	\N	\N	\N	\N	190	t	2019-09-04 00:00:00
108	\N	1000	5	24	8	1	\N	Linda	Bhengu   		1900-01-01 00:00:00	1	\N	\N	\N	\N	190	t	2019-09-04 00:00:00
109	\N	1000	5	22	8	1	\N	Linda	Gouman   		1900-01-01 00:00:00	1	\N	\N	\N	\N	190	t	2019-09-04 00:00:00
110	\N	1000	6	27	8	1	\N	Litha	Musyimi Oganda  		1900-01-01 00:00:00	1	\N	\N	\N	\N	190	t	2019-09-04 00:00:00
111	\N	1000	3	13	8	1	\N	Louis	Gnagbe   		1900-01-01 00:00:00	1	\N	\N	\N	\N	190	t	2019-09-04 00:00:00
112	\N	1000	6	4	8	1	\N	Lukovi	Seke   		1900-01-01 00:00:00	1	\N	\N	\N	\N	190	t	2019-09-04 00:00:00
113	\N	1000	4	19	8	1	\N	Madada	Diawara   		1900-01-01 00:00:00	1	\N	\N	\N	\N	190	t	2019-09-04 00:00:00
114	\N	1000	6	27	8	1	\N	Makinde	Diran   		1900-01-01 00:00:00	1	\N	\N	\N	\N	190	t	2019-09-04 00:00:00
115	\N	1000	3	11	8	1	\N	Mamadou	M Diakhite  		1900-01-01 00:00:00	1	\N	\N	\N	\N	190	t	2019-09-04 00:00:00
116	\N	1000	6	1	8	1	\N	Mamoteane	Manana Mashologu  		1900-01-01 00:00:00	1	\N	\N	\N	\N	190	t	2019-09-04 00:00:00
117	\N	1000	3	11	8	1	\N	Manyewu	Mutamba   		1900-01-01 00:00:00	1	\N	\N	\N	\N	190	t	2019-09-04 00:00:00
118	\N	1000	6	1	8	1	\N	Margaret	Mahlomuza   		1900-01-01 00:00:00	1	\N	\N	\N	\N	190	t	2019-09-04 00:00:00
120	\N	1000	3	12	8	1	\N	Maria	Jose Guerrero Ledo 		1900-01-01 00:00:00	1	\N	\N	\N	\N	190	t	2019-09-04 00:00:00
121	\N	1000	4	19	8	1	\N	Mariam	Seynou Ouedraogo  		1900-01-01 00:00:00	1	\N	\N	\N	\N	190	t	2019-09-04 00:00:00
122	\N	1000	3	11	8	1	\N	Mariam	Sow Soumare  		1900-01-01 00:00:00	1	\N	\N	\N	\N	190	t	2019-09-04 00:00:00
125	\N	1000	4	16	8	1	\N	Mercedes	Leburu   		1900-01-01 00:00:00	1	\N	\N	\N	\N	190	t	2019-09-04 00:00:00
126	\N	1000	2	7	8	1	\N	Mercy	Fomundam   		1900-01-01 00:00:00	1	\N	\N	\N	\N	190	t	2019-09-04 00:00:00
127	\N	1000	3	11	8	1	\N	Mercy	King'ori   		1900-01-01 00:00:00	1	\N	\N	\N	\N	190	t	2019-09-04 00:00:00
128	\N	1000	1	3	8	1	\N	Millicent	Kgeledi   		1900-01-01 00:00:00	1	\N	\N	\N	\N	190	t	2019-09-04 00:00:00
129	\N	1000	5	23	8	1	\N	Mkhanyeli	Michael Mabhena  		1900-01-01 00:00:00	1	\N	\N	\N	\N	190	t	2019-09-04 00:00:00
130	\N	1000	4	19	8	1	\N	Modupe	Adeyemo   		1900-01-01 00:00:00	1	\N	\N	\N	\N	190	t	2019-09-04 00:00:00
131	\N	1000	3	6	8	1	\N	Mogomotsi	Seboko   		1900-01-01 00:00:00	1	\N	\N	\N	\N	190	t	2019-09-04 00:00:00
133	\N	1000	3	13	8	1	\N	Mosad	Elmissiry   		1900-01-01 00:00:00	1	\N	\N	\N	\N	190	t	2019-09-04 00:00:00
134	\N	1000	3	13	8	1	\N	Mountaka	Wahabou Ibrah  		1900-01-01 00:00:00	1	\N	\N	\N	\N	190	t	2019-09-04 00:00:00
69	\N	3632	2	9	8	1	\N	Florence	Nazare   	gideonn@nepad.org	1900-01-01 00:00:00	1	\N	\N	\N	\N	190	t	2019-09-04 00:00:00
123	\N	3605	3	14	8	1	\N	Martin	Bwalya   	gideonn@nepad.org	1900-01-01 00:00:00	1	\N	\N	\N	\N	190	t	2019-09-04 00:00:00
103	\N	3642	2	7	8	1	\N	Kossi	Toulassi   	gideonn@nepad.org	1900-01-01 00:00:00	1	\N	\N	\N	\N	190	t	2019-09-04 00:00:00
124	c115746d-921d-4c70-8853-c7123089c0e0	3656	1	1	8	1	\N	Mayaki	Ibrahim Assane (Dr) 	gideonn@nepad.org	1900-01-01 00:00:00	1	\N	\N	\N	\N	190	t	2019-09-04 00:00:00
68	42e61067-8906-415a-b53a-6e7718a7c724	1000	3	10	8	1	\N	Flore	Kamdomg   	gideonn@nepad.org	1900-01-01 00:00:00	2	\N	\N	\N	\N	190	t	2019-09-04 00:00:00
87	ac81ecdd-64a2-488e-a516-40fd8e1a93c8	1000	3	12	8	1	\N	Janet	Byaruhanga   	janetb@nepad.org	1900-01-01 00:00:00	1	\N	\N	\N	\N	190	t	2019-09-04 00:00:00
135	\N	1000	5	22	8	1	\N	Musa	Mukoma   		1900-01-01 00:00:00	1	\N	\N	\N	\N	190	t	2019-09-04 00:00:00
136	\N	1000	3	12	8	1	\N	Mutale	Ng'andu   		1900-01-01 00:00:00	1	\N	\N	\N	\N	190	t	2019-09-04 00:00:00
137	\N	1000	1	3	8	1	\N	Mwanja	Susan Kayamba Ng'anjo 		1900-01-01 00:00:00	1	\N	\N	\N	\N	190	t	2019-09-04 00:00:00
139	\N	1000	5	23	8	1	\N	Ngoni	Kachisi   		1900-01-01 00:00:00	1	\N	\N	\N	\N	190	t	2019-09-04 00:00:00
140	\N	1000	5	23	8	1	\N	Nhamo	Simuka   		1900-01-01 00:00:00	1	\N	\N	\N	\N	190	t	2019-09-04 00:00:00
141	\N	1000	5	26	8	1	\N	Nhlalwenhle	Mbuyazwe   		1900-01-01 00:00:00	1	\N	\N	\N	\N	190	t	2019-09-04 00:00:00
142	\N	1000	1	1	8	1	\N	Nicole	Gounon   		1900-01-01 00:00:00	1	\N	\N	\N	\N	190	t	2019-09-04 00:00:00
143	\N	1000	4	19	8	1	\N	Nina	Douonso Edwige Konate 		1900-01-01 00:00:00	1	\N	\N	\N	\N	190	t	2019-09-04 00:00:00
144	\N	1000	5	21	8	1	\N	Noah	Kamanga   		1900-01-01 00:00:00	1	\N	\N	\N	\N	190	t	2019-09-04 00:00:00
145	\N	1000	5	21	8	1	\N	Nomawethu	Sheila Msezana  		1900-01-01 00:00:00	1	\N	\N	\N	\N	190	t	2019-09-04 00:00:00
146	\N	1000	6	1	8	1	\N	Nonhlanhla	Thelma Dhlamini  		1900-01-01 00:00:00	1	\N	\N	\N	\N	190	t	2019-09-04 00:00:00
147	\N	1000	5	26	8	1	\N	Nonkululeko	Mtimunye   		1900-01-01 00:00:00	1	\N	\N	\N	\N	190	t	2019-09-04 00:00:00
148	\N	1000	3	12	8	1	\N	Norman	Khoza   		1900-01-01 00:00:00	1	\N	\N	\N	\N	190	t	2019-09-04 00:00:00
149	\N	1000	3	12	8	1	\N	Nthabiseng	Moiloa   		1900-01-01 00:00:00	1	\N	\N	\N	\N	190	t	2019-09-04 00:00:00
150	\N	1000	4	19	8	1	\N	Nyiko	Khoza   		1900-01-01 00:00:00	1	\N	\N	\N	\N	190	t	2019-09-04 00:00:00
151	\N	1000	1	3	8	1	\N	OCEO's	COMMUNICATION STAFF - TBD		1900-01-01 00:00:00	1	\N	\N	\N	\N	190	t	2019-09-04 00:00:00
152	\N	1000	4	19	8	1	\N	Olalekan	Akinbo   		1900-01-01 00:00:00	1	\N	\N	\N	\N	190	t	2019-09-04 00:00:00
153	\N	1000	5	21	8	1	\N	Ouma	Mokoena   		1900-01-01 00:00:00	1	\N	\N	\N	\N	190	t	2019-09-04 00:00:00
154	\N	1000	4	19	8	1	\N	Oumou	Barry   		1900-01-01 00:00:00	1	\N	\N	\N	\N	190	t	2019-09-04 00:00:00
155	\N	1000	6	1	8	1	\N	Pamla	Gopaul   		1900-01-01 00:00:00	1	\N	\N	\N	\N	190	t	2019-09-04 00:00:00
156	\N	1000	1	1	8	1	\N	Patrick	Ramaoka   		1900-01-01 00:00:00	1	\N	\N	\N	\N	190	t	2019-09-04 00:00:00
158	\N	1000	3	12	8	1	\N	Paul	Kiptum Tanui  		1900-01-01 00:00:00	1	\N	\N	\N	\N	190	t	2019-09-04 00:00:00
159	\N	1000	5	25	8	1	\N	Peter	Chikati   		1900-01-01 00:00:00	1	\N	\N	\N	\N	190	t	2019-09-04 00:00:00
160	\N	1000	6	27	8	1	\N	Petra	Lahan   		1900-01-01 00:00:00	1	\N	\N	\N	\N	190	t	2019-09-04 00:00:00
161	\N	1000	5	23	8	1	\N	PROCUREMENT	STAFF - TBD 		1900-01-01 00:00:00	1	\N	\N	\N	\N	190	t	2019-09-04 00:00:00
162	\N	1000	2	7	8	1	\N	Rachid	Basso Sanfo  		1900-01-01 00:00:00	1	\N	\N	\N	\N	190	t	2019-09-04 00:00:00
164	\N	1000	3	14	8	1	\N	Robert	Muyanga   		1900-01-01 00:00:00	1	\N	\N	\N	\N	190	t	2019-09-04 00:00:00
165	\N	1000	5	21	8	1	\N	Robert	Sithole   		1900-01-01 00:00:00	1	\N	\N	\N	\N	190	t	2019-09-04 00:00:00
166	\N	1000	3	12	8	1	\N	Rosalie	Ndeye Lo  		1900-01-01 00:00:00	1	\N	\N	\N	\N	190	t	2019-09-04 00:00:00
167	\N	1000	5	26	8	1	\N	Rose	Ngenue   		1900-01-01 00:00:00	1	\N	\N	\N	\N	190	t	2019-09-04 00:00:00
168	\N	1000	5	21	8	1	\N	Rose-Mary	Nndanganeni   		1900-01-01 00:00:00	1	\N	\N	\N	\N	190	t	2019-09-04 00:00:00
169	\N	1000	3	11	8	1	\N	Rudo	Makunike   		1900-01-01 00:00:00	1	\N	\N	\N	\N	190	t	2019-09-04 00:00:00
170	\N	1000	1	1	8	1	\N	Salif	Sada Sall  		1900-01-01 00:00:00	1	\N	\N	\N	\N	190	t	2019-09-04 00:00:00
171	\N	1000	3	9	8	1	\N	Sami	Hafnaoui   		1900-01-01 00:00:00	1	\N	\N	\N	\N	190	t	2019-09-04 00:00:00
172	\N	1000	4	19	8	1	\N	Samuel	Timpo   		1900-01-01 00:00:00	1	\N	\N	\N	\N	190	t	2019-09-04 00:00:00
173	\N	1000	5	22	8	1	\N	Sandra	Naidoo   		1900-01-01 00:00:00	1	\N	\N	\N	\N	190	t	2019-09-04 00:00:00
174	\N	1000	4	19	8	1	\N	Savadogo	Moussa   		1900-01-01 00:00:00	1	\N	\N	\N	\N	190	t	2019-09-04 00:00:00
175	\N	1000	6	27	8	1	\N	Seleman	Kitenga   		1900-01-01 00:00:00	1	\N	\N	\N	\N	190	t	2019-09-04 00:00:00
176	\N	1000	4	19	8	1	\N	Silas	Obukosia   		1900-01-01 00:00:00	1	\N	\N	\N	\N	190	t	2019-09-04 00:00:00
177	\N	1000	3	13	8	1	\N	Simbini	Tichakunda   		1900-01-01 00:00:00	1	\N	\N	\N	\N	190	t	2019-09-04 00:00:00
178	\N	1000	6	1	8	1	\N	Simon	Kisira   		1900-01-01 00:00:00	1	\N	\N	\N	\N	190	t	2019-09-04 00:00:00
180	\N	1000	3	11	8	1	\N	Sivetshe	Zodidi   		1900-01-01 00:00:00	1	\N	\N	\N	\N	190	t	2019-09-04 00:00:00
181	\N	1000	3	13	8	1	\N	Snowden	Mmadi   		1900-01-01 00:00:00	1	\N	\N	\N	\N	190	t	2019-09-04 00:00:00
182	\N	1000	6	27	8	1	\N	Solomon	Bopape   		1900-01-01 00:00:00	1	\N	\N	\N	\N	190	t	2019-09-04 00:00:00
183	\N	1000	4	19	8	1	\N	Sunday	Akile   		1900-01-01 00:00:00	1	\N	\N	\N	\N	190	t	2019-09-04 00:00:00
186	\N	1000	1	1	8	1	\N	Tandeka	Nkiwane C  		1900-01-01 00:00:00	1	\N	\N	\N	\N	190	t	2019-09-04 00:00:00
188	\N	1000	3	11	8	1	\N	Teko	Stephen Nhlapo  		1900-01-01 00:00:00	1	\N	\N	\N	\N	190	t	2019-09-04 00:00:00
189	\N	1000	5	23	8	1	\N	Temalangeni	Dlamini   		1900-01-01 00:00:00	1	\N	\N	\N	\N	190	t	2019-09-04 00:00:00
190	\N	1000	3	11	8	1	\N	Tendai	Tofa   		1900-01-01 00:00:00	1	\N	\N	\N	\N	190	t	2019-09-04 00:00:00
192	\N	1000	3	14	8	1	\N	Tomoyuki	Yamada   		1900-01-01 00:00:00	1	\N	\N	\N	\N	190	t	2019-09-04 00:00:00
196	\N	1000	3	12	8	1	\N	Vanessa	Msengezi   		1900-01-01 00:00:00	1	\N	\N	\N	\N	190	t	2019-09-04 00:00:00
197	\N	1000	1	5	8	1	\N	Victoria	Oyebanji   		1900-01-01 00:00:00	1	\N	\N	\N	\N	190	t	2019-09-04 00:00:00
198	\N	1000	5	23	8	1	\N	Victorine	Mekesse Bikie  		1900-01-01 00:00:00	1	\N	\N	\N	\N	190	t	2019-09-04 00:00:00
200	\N	1000	3	12	8	1	\N	Vincent	Oparah   		1900-01-01 00:00:00	1	\N	\N	\N	\N	190	t	2019-09-04 00:00:00
201	\N	1000	4	19	8	1	\N	Woldeyesus	Sinebo   		1900-01-01 00:00:00	1	\N	\N	\N	\N	190	t	2019-09-04 00:00:00
202	\N	1000	3	9	8	1	\N	Younes	Touitha   		1900-01-01 00:00:00	1	\N	\N	\N	\N	190	t	2019-09-04 00:00:00
163	\N	3621	5	22	8	1	\N	Rebecca	Oloo   	gideonn@nepad.org	1900-01-01 00:00:00	1	\N	\N	\N	\N	190	t	2019-09-04 00:00:00
199	\N	3503	5	23	8	1	\N	Vincent	Moola   	gideonn@nepad.org	1900-01-01 00:00:00	1	\N	\N	\N	\N	190	t	2019-09-04 00:00:00
191	\N	7002	2	8	8	1	\N	Tichaona	Mangwende   	gideonn@nepad.org	1900-01-01 00:00:00	1	\N	\N	\N	\N	190	t	2019-09-04 00:00:00
185	\N	3678	1	1	8	1	\N	Talla	Kebe   	gideonn@nepad.org	1900-01-01 00:00:00	1	\N	\N	\N	\N	190	t	2019-09-04 00:00:00
184	\N	3593	5	20	8	1	\N	Symerre	Grey-Johnson   	gideonn@nepad.org	1900-01-01 00:00:00	1	\N	\N	\N	\N	190	t	2019-09-04 00:00:00
179	ce777098-0692-4248-bb28-554acba8d021	1000	3	9	8	1	\N	Sindisiwe	Mkhize   	gideonn@nepad.org	1900-01-01 00:00:00	2	\N	\N	\N	\N	190	t	2019-09-04 00:00:00
203	\N	1000	6	27	8	1	\N	Zaka	Diana Mawoko  		1900-01-01 00:00:00	1	\N	\N	\N	\N	190	t	2019-09-04 00:00:00
157	\N	3650	5	26	8	1	\N	Patrick	Sanyu Mbaijana  	gideonn@nepad.org	1900-01-01 00:00:00	1	\N	\N	\N	\N	190	t	2019-09-04 00:00:00
106	\N	3590	5	25	8	1	\N	Lazare	Edzogo   	gideonn@nepad.org	1900-01-01 00:00:00	1	\N	\N	\N	\N	190	t	2019-09-04 00:00:00
187	426f9586-3ac6-42f3-863f-a19f3e068d05	3571	5	24	8	1	\N	Tatek	Shewandagne   	gideonn@nepad.org	1900-01-01 00:00:00	1	\N	\N	\N	\N	190	t	2019-09-04 00:00:00
20	e1ea3dd3-b12b-4ad3-986b-559612ef7818	3603	5	21	8	1	\N	Azeb	Desta Gebreselassie  	gideonn@nepad.org	1900-01-01 00:00:00	1	\N	\N	\N	\N	190	t	2019-09-04 00:00:00
73	e1ea3dd3-b12b-4ad3-986b-559612ef7818	6025	2	6	6	5	1067808e-ea9f-4488-97dd-dd5422969631_gideon.jpg	Gideon	Nimako   	gideonn@nepad.org	1981-11-18 00:00:00	1	81 Tamboti Road, Unit 57A	Midrand	Gauteng	1685	190	t	2019-09-04 00:00:00
3	8cb59a1d-85f1-49f4-b11c-35e3f8a8dec7	1000	3	10	8	1	\N	Adama	Deen   	gideonn@nepad.org	1900-01-01 00:00:00	1	\N	\N	\N	\N	190	t	2019-09-04 00:00:00
11	f5534c60-e2d2-4559-9447-be4214537f6c	7003	3	6	8	1	\N	Amine	Idriss Adoum  	gideonn@nepad.org	1900-01-01 00:00:00	1	\N	\N	\N	\N	190	t	2019-09-04 00:00:00
195	e526e15d-47dd-46a4-93ea-c718a31ebc37	1000	3	12	8	1	\N	Unami	Teressa Mpofu  	gideonn@nepad.org	1900-01-01 00:00:00	2	\N	\N	\N	\N	190	t	2019-09-04 00:00:00
193	932d7713-80a3-4b8d-8b71-56f24bfbad81	1000	3	10	8	1	\N	Toussainte	Nadje Tchakounte  	gideonn@nepad.org	1900-01-01 00:00:00	2	\N	\N	\N	\N	190	t	2019-09-04 00:00:00
194	ba0a2ad8-b885-4af3-ac43-3930844541da	1000	3	10	8	1	\N	Towela	Nyirenda-Jere   	gideonn@nepad.org	1900-01-01 00:00:00	2	\N	\N	\N	\N	190	t	2019-09-04 00:00:00
132	456e0e1f-e6b0-40d4-bca4-e58405c84cf4	7001	3	10	8	1	\N	Mohamed	H Abdisalam  	gideonn@nepad.org	1900-01-01 00:00:00	1	\N	\N	\N	\N	190	t	2019-09-04 00:00:00
64	0f919f24-2586-46d8-85bb-56068bbde066	3540	3	9	8	1	\N	Fati	N'zi-Hassane   	gideonn@nepad.org	1900-01-01 00:00:00	2	\N	\N	\N	\N	190	t	2019-09-04 00:00:00
119	d1075c1c-cb7c-480d-93c8-6931090d1f3d	1000	3	9	8	1	\N	Margareth	Ndomondo-Sigonda   	gideonn@nepad.org	1900-01-01 00:00:00	2	\N	\N	\N	\N	190	t	2019-09-04 00:00:00
138	2c82c275-b340-45f3-86f5-4c819d4e9814	1000	3	9	8	1	\N	Nancy	Ngum   	gideonn@nepad.org	1900-01-01 00:00:00	2	\N	\N	\N	\N	190	t	2019-09-04 00:00:00
\.


--
-- TOC entry 3207 (class 0 OID 16922)
-- Dependencies: 202
-- Data for Name: __EFMigrationsHistory; Type: TABLE DATA; Schema: public; Owner: employee
--

COPY public."__EFMigrationsHistory" ("MigrationId", "ProductVersion") FROM stdin;
20200101192232_InitialMigration	3.0.0
\.


--
-- TOC entry 3224 (class 0 OID 0)
-- Dependencies: 207
-- Name: AspNetRoleClaims_Id_seq; Type: SEQUENCE SET; Schema: public; Owner: employee
--

SELECT pg_catalog.setval('public."AspNetRoleClaims_Id_seq"', 1, false);


--
-- TOC entry 3225 (class 0 OID 0)
-- Dependencies: 209
-- Name: AspNetUserClaims_Id_seq; Type: SEQUENCE SET; Schema: public; Owner: employee
--

SELECT pg_catalog.setval('public."AspNetUserClaims_Id_seq"', 1, false);


--
-- TOC entry 3226 (class 0 OID 0)
-- Dependencies: 205
-- Name: Employees_Id_seq; Type: SEQUENCE SET; Schema: public; Owner: employee
--

SELECT pg_catalog.setval('public."Employees_Id_seq"', 1, false);


--
-- TOC entry 3063 (class 2606 OID 16962)
-- Name: AspNetRoleClaims PK_AspNetRoleClaims; Type: CONSTRAINT; Schema: public; Owner: employee
--

ALTER TABLE ONLY public."AspNetRoleClaims"
    ADD CONSTRAINT "PK_AspNetRoleClaims" PRIMARY KEY ("Id");


--
-- TOC entry 3053 (class 2606 OID 16934)
-- Name: AspNetRoles PK_AspNetRoles; Type: CONSTRAINT; Schema: public; Owner: employee
--

ALTER TABLE ONLY public."AspNetRoles"
    ADD CONSTRAINT "PK_AspNetRoles" PRIMARY KEY ("Id");


--
-- TOC entry 3066 (class 2606 OID 16977)
-- Name: AspNetUserClaims PK_AspNetUserClaims; Type: CONSTRAINT; Schema: public; Owner: employee
--

ALTER TABLE ONLY public."AspNetUserClaims"
    ADD CONSTRAINT "PK_AspNetUserClaims" PRIMARY KEY ("Id");


--
-- TOC entry 3069 (class 2606 OID 16990)
-- Name: AspNetUserLogins PK_AspNetUserLogins; Type: CONSTRAINT; Schema: public; Owner: employee
--

ALTER TABLE ONLY public."AspNetUserLogins"
    ADD CONSTRAINT "PK_AspNetUserLogins" PRIMARY KEY ("LoginProvider", "ProviderKey");


--
-- TOC entry 3072 (class 2606 OID 17003)
-- Name: AspNetUserRoles PK_AspNetUserRoles; Type: CONSTRAINT; Schema: public; Owner: employee
--

ALTER TABLE ONLY public."AspNetUserRoles"
    ADD CONSTRAINT "PK_AspNetUserRoles" PRIMARY KEY ("UserId", "RoleId");


--
-- TOC entry 3074 (class 2606 OID 17021)
-- Name: AspNetUserTokens PK_AspNetUserTokens; Type: CONSTRAINT; Schema: public; Owner: employee
--

ALTER TABLE ONLY public."AspNetUserTokens"
    ADD CONSTRAINT "PK_AspNetUserTokens" PRIMARY KEY ("UserId", "LoginProvider", "Name");


--
-- TOC entry 3057 (class 2606 OID 16942)
-- Name: AspNetUsers PK_AspNetUsers; Type: CONSTRAINT; Schema: public; Owner: employee
--

ALTER TABLE ONLY public."AspNetUsers"
    ADD CONSTRAINT "PK_AspNetUsers" PRIMARY KEY ("Id");


--
-- TOC entry 3060 (class 2606 OID 16952)
-- Name: Employees PK_Employees; Type: CONSTRAINT; Schema: public; Owner: employee
--

ALTER TABLE ONLY public."Employees"
    ADD CONSTRAINT "PK_Employees" PRIMARY KEY ("Id");


--
-- TOC entry 3051 (class 2606 OID 16926)
-- Name: __EFMigrationsHistory PK___EFMigrationsHistory; Type: CONSTRAINT; Schema: public; Owner: employee
--

ALTER TABLE ONLY public."__EFMigrationsHistory"
    ADD CONSTRAINT "PK___EFMigrationsHistory" PRIMARY KEY ("MigrationId");


--
-- TOC entry 3055 (class 1259 OID 17032)
-- Name: EmailIndex; Type: INDEX; Schema: public; Owner: employee
--

CREATE INDEX "EmailIndex" ON public."AspNetUsers" USING btree ("NormalizedEmail");


--
-- TOC entry 3061 (class 1259 OID 17027)
-- Name: IX_AspNetRoleClaims_RoleId; Type: INDEX; Schema: public; Owner: employee
--

CREATE INDEX "IX_AspNetRoleClaims_RoleId" ON public."AspNetRoleClaims" USING btree ("RoleId");


--
-- TOC entry 3064 (class 1259 OID 17029)
-- Name: IX_AspNetUserClaims_UserId; Type: INDEX; Schema: public; Owner: employee
--

CREATE INDEX "IX_AspNetUserClaims_UserId" ON public."AspNetUserClaims" USING btree ("UserId");


--
-- TOC entry 3067 (class 1259 OID 17030)
-- Name: IX_AspNetUserLogins_UserId; Type: INDEX; Schema: public; Owner: employee
--

CREATE INDEX "IX_AspNetUserLogins_UserId" ON public."AspNetUserLogins" USING btree ("UserId");


--
-- TOC entry 3070 (class 1259 OID 17031)
-- Name: IX_AspNetUserRoles_RoleId; Type: INDEX; Schema: public; Owner: employee
--

CREATE INDEX "IX_AspNetUserRoles_RoleId" ON public."AspNetUserRoles" USING btree ("RoleId");


--
-- TOC entry 3054 (class 1259 OID 17028)
-- Name: RoleNameIndex; Type: INDEX; Schema: public; Owner: employee
--

CREATE UNIQUE INDEX "RoleNameIndex" ON public."AspNetRoles" USING btree ("NormalizedName");


--
-- TOC entry 3058 (class 1259 OID 17033)
-- Name: UserNameIndex; Type: INDEX; Schema: public; Owner: employee
--

CREATE UNIQUE INDEX "UserNameIndex" ON public."AspNetUsers" USING btree ("NormalizedUserName");


--
-- TOC entry 3075 (class 2606 OID 16963)
-- Name: AspNetRoleClaims FK_AspNetRoleClaims_AspNetRoles_RoleId; Type: FK CONSTRAINT; Schema: public; Owner: employee
--

ALTER TABLE ONLY public."AspNetRoleClaims"
    ADD CONSTRAINT "FK_AspNetRoleClaims_AspNetRoles_RoleId" FOREIGN KEY ("RoleId") REFERENCES public."AspNetRoles"("Id") ON DELETE CASCADE;


--
-- TOC entry 3076 (class 2606 OID 16978)
-- Name: AspNetUserClaims FK_AspNetUserClaims_AspNetUsers_UserId; Type: FK CONSTRAINT; Schema: public; Owner: employee
--

ALTER TABLE ONLY public."AspNetUserClaims"
    ADD CONSTRAINT "FK_AspNetUserClaims_AspNetUsers_UserId" FOREIGN KEY ("UserId") REFERENCES public."AspNetUsers"("Id") ON DELETE CASCADE;


--
-- TOC entry 3077 (class 2606 OID 16991)
-- Name: AspNetUserLogins FK_AspNetUserLogins_AspNetUsers_UserId; Type: FK CONSTRAINT; Schema: public; Owner: employee
--

ALTER TABLE ONLY public."AspNetUserLogins"
    ADD CONSTRAINT "FK_AspNetUserLogins_AspNetUsers_UserId" FOREIGN KEY ("UserId") REFERENCES public."AspNetUsers"("Id") ON DELETE CASCADE;


--
-- TOC entry 3078 (class 2606 OID 17004)
-- Name: AspNetUserRoles FK_AspNetUserRoles_AspNetRoles_RoleId; Type: FK CONSTRAINT; Schema: public; Owner: employee
--

ALTER TABLE ONLY public."AspNetUserRoles"
    ADD CONSTRAINT "FK_AspNetUserRoles_AspNetRoles_RoleId" FOREIGN KEY ("RoleId") REFERENCES public."AspNetRoles"("Id") ON DELETE CASCADE;


--
-- TOC entry 3079 (class 2606 OID 17009)
-- Name: AspNetUserRoles FK_AspNetUserRoles_AspNetUsers_UserId; Type: FK CONSTRAINT; Schema: public; Owner: employee
--

ALTER TABLE ONLY public."AspNetUserRoles"
    ADD CONSTRAINT "FK_AspNetUserRoles_AspNetUsers_UserId" FOREIGN KEY ("UserId") REFERENCES public."AspNetUsers"("Id") ON DELETE CASCADE;


--
-- TOC entry 3080 (class 2606 OID 17022)
-- Name: AspNetUserTokens FK_AspNetUserTokens_AspNetUsers_UserId; Type: FK CONSTRAINT; Schema: public; Owner: employee
--

ALTER TABLE ONLY public."AspNetUserTokens"
    ADD CONSTRAINT "FK_AspNetUserTokens_AspNetUsers_UserId" FOREIGN KEY ("UserId") REFERENCES public."AspNetUsers"("Id") ON DELETE CASCADE;


-- Completed on 2020-01-02 01:48:00 SAST

--
-- PostgreSQL database dump complete
--

